date,time,wasRecord,name,recordDurationDays
1597406400,8959,true,Nefrums,1
1597406400,13042,false,unique_2,
1597406400,13341,false,Ximoltus,
1597406400,13580,false,Makkr,
1597406400,14232,false,Zulan,
1597406400,14616,false,Posteule,
1597406400,14872,false,ardoRic,
1597406400,15964,false,AntiElitz,
1597406400,16624,false,Countycupid,
1597406400,20908,false,peetwastaken,
1597406400,26746,false,Yoyobuae,
1597492800,6422,true,Phoenix27833,7
1597492800,14374,false,172cm74kg34c,
1597492800,14491,false,Niam,
1597492800,16298,false,Niam,
1597492800,17375,false,yolargg,
1597492800,19070,false,Eirenliel,
1597579200,6885,false,Makkr,
1597579200,11071,false,ardoRic,
1597579200,12366,false,172cm74kg34c,
1597579200,13560,false,BumbleBeeRider,
1597579200,14728,false,ChargingTotem,
1597579200,15160,false,IvanK,
1597579200,17057,false,west_leigh,
1597665600,12388,false,Ximoltus,
1597665600,13570,false,Xoriun,
1597665600,18883,false,TalosSlowWalks,
1597752000,6539,false,AntiElitz,
1597752000,11043,false,macros42,
1597752000,12498,false,Posteule,
1597752000,15634,false,buffedCookie,
1597838400,6731,false,Nefrums,
1597838400,11946,false,Ximoltus,
1597924800,11380,false,BumbleBeeRider,
1598011200,6581,false,Nefrums,
1598011200,11341,false,Ximoltus,
1598011200,13669,false,buffedCookie,
1598097600,6409,true,AntiElitz,4
1598097600,15431,false,west_leigh,
1598097600,18675,false,anthonyca30,
1598097600,18975,false,Cobai,
1598184000,10877,false,BumbleBeeRider,
1598184000,13439,false,par86,
1598270400,9410,false,BrazenSquid,
1598270400,10797,false,BumbleBeeRider,
1598270400,12399,false,BashTheWolf,
1598270400,13559,false,Elysium_81,
1598270400,14051,false,anthonyca30,
1598356800,10553,false,BumbleBeeRider,
1598356800,12983,false,buffedCookie,
1598443200,6391,true,Phoenix27833,2
1598443200,6498,false,Nefrums,
1598529600,6729,false,Makkr,
1598529600,16788,false,Cobai,
1598616000,6356,true,Nefrums,2
1598616000,9821,false,BumbleBeeRider,
1598702400,12065,false,Mazmot,
1598702400,15421,false,Cobai,
1598788800,6324,true,Phoenix27833,1
1598788800,9467,false,BumbleBeeRider,
1598788800,12006,false,Savageman,
1598875200,6312,true,AntiElitz,3
1598875200,8947,false,BrazenSquid,
1598875200,12150,false,quantumdude836,
1598961600,12322,false,buffedCookie,
1598961600,12589,false,buffedCookie,
1598961600,12927,false,theElss,
1598961600,13599,false,Flaggi793,
1598961600,14229,false,Flaggi793,
1598961600,14371,false,Cobai,
1599134400,6249,true,AntiElitz,5
1599134400,10410,false,quantumdude836,
1599134400,11384,false,quantumdude836,
1599134400,11933,false,buffedCookie,
1599220800,6251,false,Phoenix27833,
1599220800,13695,false,anthonyca30,
1599220800,18219,false,limfaron,
1599220800,29970,false,LuckyOBrown,
1599307200,10001,false,Mazmot,
1599307200,10678,false,P1tta,
1599307200,11354,false,Thue,
1599307200,11607,false,Savageman,
1599307200,13565,false,anthonyca30,
1599307200,13664,false,Bilka,
1599393600,8767,false,Mazmot,
1599393600,11680,false,theElss,
1599393600,11892,false,Bilka,
1599393600,11915,false,Posteule,
1599393600,15778,false,limfaron,
1599480000,9334,false,BumbleBeeRider,
1599566400,6168,true,Phoenix27833,9
1599566400,10432,false,DrMacou,
1599652800,12842,false,Cobai,
1599739200,9185,false,BumbleBeeRider,
1599739200,10199,false,DrMacou,
1599739200,10963,false,Bilka,
1599825600,9018,false,BumbleBeeRider,
1599825600,11494,false,sankang2004,
1599825600,14359,false,limfaron,
1599912000,12532,false,Cobai,
1599912000,12914,false,Dorfus,
1599912000,13223,false,limfaron,
1599998400,8772,false,BumbleBeeRider,
1599998400,10315,false,Bilka,
1599998400,11005,false,Savageman,
1599998400,11106,false,Ximoltus,
1599998400,13500,false,anthonyca30,
1600084800,6217,false,AntiElitz,
1600084800,10654,false,Ximoltus,
1600084800,11170,false,theElss,
1600084800,12763,false,limfaron,
1600171200,8472,false,BumbleBeeRider,
1600171200,9824,false,Bilka,
1600171200,10234,false,Ximoltus,
1600171200,11100,false,sankang2004,
1600171200,12588,false,limfaron,
1600171200,13044,false,_SiDzej_,
1600171200,13475,false,Octopi89,
1600257600,10651,false,Savageman,
1600344000,6163,true,AntiElitz,5
1600344000,8397,false,BumbleBeeRider,
1600344000,10693,false,theElss,
1600344000,12405,false,Cobai,
1600344000,12539,false,Elysium_81,
1600344000,13358,false,seky16,
1600430400,12157,false,Cobai,
1600516800,10089,false,Ximoltus,
1600516800,11857,false,Cobai,
1600516800,12104,false,Dorfus,
1600516800,12337,false,GoneSerious,
1600603200,11258,false,Dorfus,
1600603200,12139,false,Octopi89,
1600603200,12528,false,limfaron,
1600603200,12747,false,Flaggi793,
1600689600,8246,false,BumbleBeeRider,
1600689600,8626,false,BrazenSquid,
1600689600,9652,false,Ximoltus,
1600689600,11832,false,Flaggi793,
1600776000,6153,true,Phoenix27833,2
1600776000,8060,false,BumbleBeeRider,
1600776000,11457,false,Flaggi793,
1600776000,11858,false,GoneSerious,
1600776000,12413,false,limfaron,
1600862400,11934,false,limfaron,
1600948800,6092,true,Phoenix27833,26
1600948800,10275,false,theElss,
1600948800,10868,false,Flaggi793,
1600948800,11534,false,GoneSerious,
1600948800,11783,false,limfaron,
1601035200,9003,false,Ximoltus,
1601035200,11252,false,GoneSerious,
1601035200,11360,false,limfaron,
1601035200,12832,false,OverCraft,
1601035200,13505,false,Niam,
1601121600,8048,false,BumbleBeeRider,
1601121600,10665,false,GoneSerious,
1601208000,10444,false,Flaggi793,
1601208000,10759,false,Erhune,
1601294400,8587,false,Ximoltus,
1601294400,11176,false,limfaron,
1601380800,8345,false,Ximoltus,
1601380800,9474,false,unique_2,
1601380800,10090,false,theElss,
1601380800,10508,false,GoneSerious,
1601380800,10690,false,limfaron,
1601467200,9795,false,theElss,
1601467200,10909,false,ardoRic,
1601467200,11005,false,Cobai,
1601553600,10313,false,Erhune,
1601640000,9774,false,Flaggi793,
1601640000,9966,false,Flaggi793,
1601640000,10180,false,GoneSerious,
1601726400,9654,false,Erhune,
1601726400,12701,false,anthonyca30,
1601899200,9521,false,theElss,
1601899200,9626,false,Flaggi793,
1601985600,9345,false,Flaggi793,
1602072000,8234,false,Ximoltus,
1602072000,9574,false,GoneSerious,
1602158400,10621,false,ardoRic,
1602158400,14810,false,definitely-kyle,
1602331200,8245,false,Mazmot,
1602417600,7924,false,Ximoltus,
1602417600,8159,false,Mazmot,
1602417600,9338,false,theElss,
1602504000,8332,false,Franqly,
1602504000,10529,false,Cobai,
1602504000,11459,false,seky16,
1602590400,8121,false,Franqly,
1602676800,7948,false,BumbleBeeRider,
1602763200,7616,false,BumbleBeeRider,
1602763200,7814,false,Franqly,
1602763200,7829,false,Ximoltus,
1602763200,10424,false,ardoRic,
1602849600,7513,false,Franqly,
1602936000,7193,false,Mazmot,
1602936000,7305,false,Franqly,
1602936000,9238,false,theElss,
1602936000,9309,false,GoneSerious,
1602936000,10314,false,Cobai,
1602936000,10877,false,seky16,
1603022400,10470,false,Dorfus,
1603022400,10612,false,Xoriun,
1603022400,17057,false,Pentbot,
1603108800,7291,false,Franqly,
1603108800,9876,false,ardoRic,
1603108800,10172,false,Cobai,
1603195200,5975,true,Phoenix27833,45
1603195200,8987,false,theElss,
1603195200,10212,false,Xoriun,
1603195200,24585,false,pti_renard,
1603281600,9180,false,GoneSerious,
1603368000,7185,false,Franqly,
1603368000,9337,false,seky16,
1603368000,10063,false,Dorfus,
1603454400,6987,false,Franqly,
1603454400,9150,false,GoneSerious,
1603540800,7763,false,Ximoltus,
1603627200,7064,false,Mazmot,
1603627200,8997,false,GoneSerious,
1603627200,9916,false,Cobai,
1603713600,9856,false,Xoriun,
1603713600,11015,false,i3luemotion,
1603713600,12849,false,mgrabmue,
1603800000,6714,false,Franqly,
1603886400,6619,false,Franqly,
1603886400,7475,false,Ximoltus,
1603972800,7464,false,Ximoltus,
1604059200,8735,false,GoneSerious,
1604059200,9734,false,Dorfus,
1604145600,10972,false,whiteleaky,
1604232000,6708,false,Mazmot,
1604232000,9781,false,Cobai,
1604318400,6422,false,Franqly,
1604318400,9665,false,ardoRic,
1604664000,14222,false,PCiT,
1604750400,8727,false,10thCircle,
1604836800,9529,false,Cobai,
1604836800,9599,false,Dorfus,
1604923200,6338,false,Franqly,
1605009600,12027,false,mgrabmue,
1605355200,13886,false,Del_la_vega_,
1605355200,27840,false,Dedleewicket,
1605441600,6636,false,Mazmot,
1605441600,9004,false,Dorfus,
1605700800,6186,false,Nefrums,
1605787200,6349,false,Mazmot,
1605787200,16728,false,JustJam,
1605873600,6331,false,Franqly,
1605873600,10498,false,Bazz2599,
1605873600,13834,false,DonBalls,
1605960000,9730,false,Xoriun,
1606046400,9581,false,Xoriun,
1606132800,6014,false,Nefrums,
1606132800,6294,false,Franqly,
1606219200,14051,false,JustJam,
1606305600,6193,false,Franqly,
1606478400,6001,false,Nefrums,
1606478400,9629,false,ardoRic,
1606651200,10125,false,Bazz2599,
1606824000,7461,false,Ximoltus,
1606824000,12699,false,JustJam,
1606824000,21278,false,Arran,
1606910400,7138,false,Ximoltus,
1606996800,12321,false,JustJam,
1607083200,5938,true,Nefrums,46
1607169600,8757,false,Flaggi793,
1607169600,11760,false,JustJam,
1607256000,8142,false,Flaggi793,
1607515200,6771,false,Ximoltus,
1607601600,8729,false,Dorfus,
1607860800,6518,false,Ximoltus,
1608033600,8107,false,10thCircle,
1608120000,8675,false,ardoRic,
1608120000,21734,false,Nauviax,
1608379200,17364,false,Nauviax,
1608465600,25341,false,ArbitraryDice,
1608638400,14997,false,pti_renard,
1608897600,10231,false,qwe19272375,
1609156800,6019,false,Franqly,
1609329600,14448,false,AwesomeSeal,
1609416000,12570,false,pti_renard,
1609416000,15822,false,Taishan,
1609502400,12446,false,Taishan,
1609761600,11096,false,JustJam,
1609848000,15220,false,Stig219,
1609848000,18313,false,Rainiyh,
1609934400,11676,false,Taishan,
1609934400,15897,false,Rainiyh,
1610020800,20489,false,fortyCakes,
1610280000,13569,false,Bjeaurn,
1610280000,14406,false,grdman,
1610366400,10709,false,JustJam,
1610452800,10263,false,JustJam,
1610539200,12036,false,Stig219,
1610625600,10165,false,JustJam,
1610625600,12932,false,grdman,
1610884800,17107,false,ChuckMastaT,
1610971200,12452,false,wollywog,
1610971200,12981,false,kaerli,
1611057600,5935,true,Franqly,3
1611144000,11538,false,Stig219,
1611230400,11372,false,Eightounce,
1611316800,5821.25,true,Franqly,77
1611316800,15874,false,ikamusme,
1611403200,11546,false,wollywog,
1611921600,8250,false,P1tta,
1611921600,12694,false,TheStickface,
1612180800,7963,false,P1tta,
1612440000,11501,false,kaerli,
1612872000,13888,false,cafce25,
1615032000,27587,false,whirlwind8429,
1616241600,23827,false,Holyblades777,
1616328000,12177,false,Lumis31,
1616760000,5821.383,false,Nefrums,
1616846400,10953,false,cl0wnt0wn,
1617105600,17377,false,Archegos,
1617192000,14759,false,Archegos,
1617710400,13750,false,Krul87,
1617969600,5797,true,Franqly,1
1618056000,5761,true,Franqly,2
1618056000,12530,false,Krul87,
1618228800,5674,true,Franqly,9
1618920000,9537,false,sleepyre,
1619006400,5640,true,Franqly,8
1619006400,5728,false,Nefrums,
1619611200,11405,false,Nefa35,
1619697600,5594,true,Franqly,3
1619697600,11187,false,Nefa35,
1619870400,10490,false,Nefa35,
1619870400,32087,false,meznak,
1619956800,5582,true,Franqly,1
1619956800,12917,false,Cyclomactic,
1620043200,5523,true,Franqly,3
1620129600,12205,false,Olivedonut,
1620216000,12822,false,Cyclomactic,
1620302400,5488,true,Franqly,27
1620388800,9217,false,Skarasnik,
1620475200,12394,false,Cyclomactic,
1620475200,23683,false,Yivry,
1620648000,17444,false,Redrex_7,
1620734400,10228,false,heartosis,
1620820800,5697,false,Nefrums,
1620820800,9682,false,Nefa35,
1620907200,9819,false,heartosis,
1620993600,7355,false,P1tta,
1620993600,11199,false,Olivedonut,
1620993600,19105,false,Yivry,
1621080000,9118,false,Nefa35,
1621080000,9364,false,heartosis,
1621080000,10834,false,Olivedonut,
1621166400,10101,false,Olivedonut,
1621166400,15244,false,Redrex_7,
1621252800,13076,false,Warger,
1621339200,6977,false,P1tta,
1621339200,8008,false,Flaggi793,
1621339200,11080,false,Krul87,
1621339200,18597,false,Yivry,
1621425600,5545,false,Nefrums,
1621425600,7458,false,BumbleBeeRider,
1621512000,6796,false,P1tta,
1621512000,7191,false,BumbleBeeRider,
1621512000,8929,false,Nefa35,
1621512000,16337,false,Yivry,
1621598400,9174,false,heartosis,
1621684800,6642,false,P1tta,
1621684800,8714,false,Nefa35,
1621684800,13958,false,Redrex_7,
1621771200,16076,false,Alkyl35,
1621857600,6953,false,BumbleBeeRider,
1621944000,6411,false,P1tta,
1621944000,10805,false,Krul87,
1621944000,15028,false,Yivry,
1622030400,6845,false,BumbleBeeRider,
1622030400,7717,false,Flaggi793,
1622289600,6759,false,BumbleBeeRider,
1622289600,23660,false,kungfuwerewolf,
1622376000,6246,false,P1tta,
1622376000,10583,false,Krul87,
1622376000,22591,false,kungfuwerewolf,
1622462400,21800,false,kungfuwerewolf,
1622548800,6701,false,BumbleBeeRider,
1622635200,5383,true,Franqly,47
1622635200,5534,false,Nefrums,
1622721600,6204,false,P1tta,
1622894400,6150,false,P1tta,
1622894400,10153,false,Krul87,
1622894400,10565,false,Zaspar,
1622894400,13697,false,Yivry,
1622894400,19455,false,neuro666,
1622894400,25398,false,rikimaru,
1622980800,6649,false,BumbleBeeRider,
1622980800,9167,false,unique_2,
1622980800,12067,false,JanSharp,
1622980800,13562,false,Redrex_7,
1622980800,20174,false,kungfuwerewolf,
1623153600,6113,false,P1tta,
1623153600,8910,false,heartosis,
1623240000,8799,false,Cobai,
1623240000,10826,false,wollywog,
1623326400,6091,false,P1tta,
1623412800,5519,false,Nefrums,
1623412800,9453,false,Zaspar,
1623412800,9532,false,Krul87,
1623499200,8560,false,heartosis,
1623499200,8894,false,Zaspar,
1623499200,12154,false,mysticamber,
1623672000,22279,false,UrielHarpy,
1623931200,8730,false,Zaspar,
1623931200,11780,false,Cyclomactic,
1624017600,10511,false,Cyclomactic,
1624017600,13303,false,Redrex_7,
1624104000,7984,false,unique_2,
1624104000,13545,false,mimoanon,
1624190400,6015,false,P1tta,
1624190400,7050,false,Flaggi793,
1624190400,8376,false,heartosis,
1624190400,8568,false,Zaspar,
1624276800,5984,false,P1tta,
1624276800,6426,false,BumbleBeeRider,
1624363200,7519,false,unique_2,
1624363200,8425,false,Zaspar,
1624363200,8439,false,Cobai,
1624536000,8173,false,Zaspar,
1624622400,10465,false,Cyclomactic,
1624795200,8115,false,heartosis,
1624881600,6338,false,BumbleBeeRider,
1624968000,5485,false,Nefrums,
1624968000,6289,false,BumbleBeeRider,
1625054400,5959,false,P1tta,
1625054400,6354,false,Ximoltus,
1625140800,6292,false,Ximoltus,
1625313600,6180,false,Ximoltus,
1625313600,8105,false,heartosis,
1625313600,9854,false,BlobbyBob,
1625400000,7568,false,heartosis,
1625486400,18828,false,kungfuwerewolf,
1625659200,6132,false,Ximoltus,
1625659200,7219,false,unique_2,
1625745600,5440,false,Nefrums,
1625745600,5941,false,Ximoltus,
1625745600,9774,false,wollywog,
1625745600,16974,false,wollywog,
1625832000,5927,false,Ximoltus,
1626091200,7409,false,heartosis,
1626264000,7132,false,heartosis,
1626350400,8300,false,Cobai,
1626350400,9937,false,Cyclomactic,
1626696000,5330,true,Franqly,1
1626696000,9092,false,Cyclomactic,
1626696000,9347,false,JeHor,
1626782400,5328,true,Franqly,1
1626782400,8993,false,JeHor,
1626868800,5270,true,Franqly,118
1626868800,5310,false,Franqly,
1626868800,9066,false,Cyclomactic,
1626868800,12690,false,Zazzu,
1626868800,14508,false,Zazzu,
1627214400,16269,false,kungfuwerewolf,
1627387200,7029,false,heartosis,
1627473600,8482,false,Cyclomactic,
1627473600,11589,false,Zazzu,
1627473600,11816,false,ChristianLonsing,
1627560000,8226,false,JeHor,
1627560000,11796,false,ChristianLonsing,
1627819200,10868,false,Zazzu,
1627905600,7577,false,Zaspar,
1627905600,9695,false,wollywog,
1627905600,10296,false,Zazzu,
1627905600,11283,false,ChristianLonsing,
1628078400,8232,false,Cyclomactic,
1628251200,8218,false,JeHor,
1628337600,6866,false,Zaspar,
1628337600,10094,false,Zazzu,
1628424000,14239,false,kungfuwerewolf,
1628510400,7681,false,JeHor,
1628510400,7921,false,Cyclomactic,
1628596800,9726,false,Zazzu,
1628683200,6902,false,heartosis,
1628856000,10937,false,Teather,
1629028800,9633,false,Zazzu,
1629028800,10972,false,ChristianLonsing,
1629115200,7711,false,Cyclomactic,
1629115200,9337,false,Zazzu,
1629201600,13922,false,kungfuwerewolf,
1629460800,6886,false,heartosis,
1629633600,6638,false,Zaspar,
1629633600,6748,false,heartosis,
1629633600,10510,false,ChristianLonsing,
1629633600,13568,false,kungfuwerewolf,
1629720000,6556,false,Zaspar,
1629720000,12791,false,kungfuwerewolf,
1629892800,8866,false,Zazzu,
1629979200,6692,false,heartosis,
1629979200,12386,false,kungfuwerewolf,
1630065600,11973,false,kungfuwerewolf,
1630152000,6604,false,heartosis,
1630238400,7583,false,JeHor,
1630238400,8252,false,Zazzu,
1630324800,11574,false,kungfuwerewolf,
1630411200,11370,false,kungfuwerewolf,
1630584000,7668,false,Cyclomactic,
1630584000,11056,false,kungfuwerewolf,
1630670400,6562,false,heartosis,
1630756800,5913,false,Ximoltus,
1630756800,6489,false,heartosis,
1630929600,6400,false,Zaspar,
1630929600,8046,false,Zazzu,
1631016000,15672,false,balik8068,
1631102400,6379,false,heartosis,
1631102400,7414,false,Cyclomactic,
1631102400,10778,false,kungfuwerewolf,
1631275200,9079,false,Krul87,
1631361600,5428,false,Nefrums,
1631361600,8748,false,Krul87,
1631361600,10103,false,ChristianLonsing,
1631361600,15127,false,balik8068,
1631448000,7585,false,Zazzu,
1631534400,5398,false,Nefrums,
1631534400,7282,false,Cyclomactic,
1631620800,7172,false,JeHor,
1631620800,7251,false,Cyclomactic,
1631707200,14132,false,balik8068,
1631707200,14623,false,balik8068,
1631880000,10702,false,kungfuwerewolf,
1631966400,6215,false,heartosis,
1631966400,10427,false,kungfuwerewolf,
1632139200,13932,false,balik8068,
1632225600,7336,false,Zazzu,
1632398400,7125,false,Cyclomactic,
1632571200,6165,false,heartosis,
1632571200,7101,false,Zazzu,
1632571200,10339,false,kungfuwerewolf,
1632571200,12907,false,balik8068,
1632571200,13380,false,balik8068,
1632657600,6155,false,heartosis,
1632744000,6117,false,heartosis,
1632744000,6351,false,Zaspar,
1632744000,7016,false,Cyclomactic,
1632916800,6246,false,Zaspar,
1632916800,6298,false,Zaspar,
1632916800,6901,false,Cyclomactic,
1633003200,6139,false,Zaspar,
1633089600,6053,false,heartosis,
1633176000,5697,false,Ximoltus,
1633262400,5981,false,heartosis,
1633435200,12345,false,balik8068,
1633521600,7078,false,Zazzu,
1633608000,5575,false,Ximoltus,
1633608000,5629,false,Ximoltus,
1633780800,5936,false,heartosis,
1633780800,6824,false,JeHor,
1633780800,6875,false,Zazzu,
1633867200,12297,false,balik8068,
1633953600,6831,false,Zazzu,
1633953600,14130,false,Phredward,
1634040000,5352,false,Nefrums,
1634299200,7123,false,typical_guy,
1634385600,6658,false,Zazzu,
1634385600,7557,false,ardoRic,
1634472000,5889,false,heartosis,
1634731200,5552,false,Ximoltus,
1634990400,6640,false,Zazzu,
1635076800,5482,false,Ximoltus,
1635076800,6635,false,Zazzu,
1635076800,14769,false,Schmutz02,
1635249600,11134,false,mysticamber,
1635336000,5424,false,Ximoltus,
1635336000,9959,false,Forneaux,
1635422400,9811,false,Forneaux,
1635422400,10025,false,kungfuwerewolf,
1635508800,5422,false,Ximoltus,
1635508800,6622,false,Zazzu,
1635508800,11406,false,Phredward,
1635595200,5947,false,Zaspar,
1635595200,6577,false,Zazzu,
1635595200,12252,false,Schmutz02,
1635681600,5871,false,heartosis,
1635681600,6440,false,Zazzu,
1636200000,6317,false,Zazzu,
1636545600,5853,false,heartosis,
1636718400,5308,false,Nefrums,
1636718400,6289,false,Zazzu,
1636718400,6742,false,JeHor,
1636804800,8186,false,Krul87,
1636891200,5814,false,heartosis,
1636891200,6224,false,Zazzu,
1636891200,9154,false,Forneaux,
1637064000,5248,true,Nefrums,21
1637064000,6222,false,Zazzu,
1637409600,6699,false,JeHor,
1637496000,11212,false,Phredward,
1637582400,6170,false,Zazzu,
1637755200,6076,false,Zazzu,
1638100800,6072,false,Zazzu,
1638446400,6570,false,JeHor,
1638446400,11456,false,balik8068,
1638705600,9986,false,kungfuwerewolf,
1638792000,9794,false,kungfuwerewolf,
1638878400,5242,true,Franqly,9
1638878400,6066,false,Zazzu,
1638878400,11146,false,Phredward,
1638964800,8020,false,Krul87,
1639224000,6463,false,JeHor,
1639224000,9715,false,kungfuwerewolf,
1639310400,7029,false,ardoRic,
1639396800,8896,false,Forneaux,
1639396800,11056,false,Garneek,
1639569600,6028,false,Zazzu,
1639569600,7923,false,Krul87,
1639569600,9367,false,kungfuwerewolf,
1639656000,5223,true,Franqly,5
1639656000,8661,false,Forneaux,
1639656000,8720,false,Forneaux,
1639742400,7371,false,Krul87,
1639828800,6424,false,JeHor,
1639828800,11809,false,NoNox_1636,
1639915200,5991,false,Zazzu,
1640001600,14798,false,Solmorphic,
1640088000,5141,true,Franqly,159
1640088000,8482,false,Forneaux,
1640174400,12272,false,Solmorphic,
1640347200,9130,false,kungfuwerewolf,
1640692800,8318,false,Forneaux,
1640865600,16061,false,BigDolphin,
1640952000,8782,false,wollywog,
1640952000,12085,false,Mad_B3ast,
1640952000,16021,false,tom_cologne,
1641038400,10592,false,Mad_B3ast,
1641038400,13228,false,BigDolphin,
1641297600,9942,false,Phredward,
1641384000,9163,false,Antipatience,
1641643200,5396,false,Ximoltus,
1641816000,8861,false,Antipatience,
1642334400,5952,false,Zazzu,
1642680000,8512,false,Antipatience,
1642939200,7983,false,Forneaux,
1643198400,9005,false,kungfuwerewolf,
1643284800,7736,false,Forneaux,
1643544000,7606,false,Forneaux,
1643544000,8781,false,wollywog,
1643976000,6830,false,typical_guy,
1644062400,8997,false,kungfuwerewolf,
1644148800,6692,false,typical_guy,
1644148800,6740,false,ardoRic,
1644148800,7531,false,Forneaux,
1644148800,8731,false,wollywog,
1644235200,6561,false,typical_guy,
1644494400,6767,false,Cyclomactic,
1644580800,6510,false,typical_guy,
1644667200,8869,false,kungfuwerewolf,
1644667200,11550,false,rubenvr,
1644753600,11038,false,Woett,
1645099200,6300,false,typical_guy,
1645099200,7534,false,Forneaux,
1645099200,11844,false,Juggledave,
1645358400,7301,false,Forneaux,
1645444800,8400,false,wollywog,
1645444800,11363,false,Juggledave,
1645531200,6132,false,typical_guy,
1645531200,8041,false,wollywog,
1645617600,10441,false,Juggledave,
1645617600,12904,false,Alkyl35,
1645704000,6050,false,typical_guy,
1645704000,8691,false,kungfuwerewolf,
1645790400,15977,false,Toperoco,
1645876800,8032,false,wollywog,
1645963200,13625,false,Toperoco,
1646136000,7845,false,Antipatience,
1646308800,7474,false,Antipatience,
1646481600,5958,false,typical_guy,
1646481600,22803,false,Fatcalvin,
1646568000,8574,false,kungfuwerewolf,
1646568000,17393,false,ScrappyPato,
1646654400,7165,false,Forneaux,
1646740800,10559,false,mysticamber,
1646913600,7007,false,Forneaux,
1647000000,7166,false,Antipatience,
1647259200,5890,false,typical_guy,
1647345600,8262,false,Cobai,
1647691200,8540,false,kungfuwerewolf,
1647777600,7043,false,Antipatience,
1647777600,8096,false,Cobai,
1647864000,8196,false,kungfuwerewolf,
1648209600,5833,false,typical_guy,
1648209600,6797,false,Antipatience,
1648209600,10756,false,balik8068,
1648296000,6675,false,Antipatience,
1648382400,11914,false,Toperoco,
1648468800,6800,false,Forneaux,
1648555200,6705,false,Forneaux,
1648555200,7906,false,Cobai,
1648641600,10085,false,N3dr4,
1648728000,5797,false,typical_guy,
1648728000,10926,false,Arachros,
1648814400,6213,false,BumbleBeeRider,
1648900800,6553,false,Forneaux,
1648900800,7329,false,Cobai,
1648987200,6028,false,BumbleBeeRider,
1649073600,12850,false,Rainiyh,
1649160000,5748,false,typical_guy,
1650024000,7299,false,Cobai,
1650110400,6390,false,Antipatience,
1650110400,17667,false,ChakibONeal,
1650196800,6337,false,Antipatience,
1650369600,7248,false,Cobai,
1650456000,6378,false,Forneaux,
1650456000,7158,false,Cobai,
1650542400,6002,false,BumbleBeeRider,
1650542400,6349,false,Forneaux,
1650628800,6294,false,Antipatience,
1650628800,7820,false,wollywog,
1650715200,6149,false,Antipatience,
1650715200,10808,false,Rainiyh,
1650801600,5747,false,typical_guy,
1650801600,10123,false,Garneek,
1650888000,5740,false,typical_guy,
1651060800,5738,false,typical_guy,
1651147200,5678,false,typical_guy,
1651406400,10132,false,rubenvr,
1651492800,5663,false,typical_guy,
1651752000,5616,false,typical_guy,
1651924800,6237,false,Forneaux,
1652443200,6022,false,Antipatience,
1652529600,15090,false,lesbian_mami,
1652788800,5573,false,typical_guy,
1653048000,5569,false,typical_guy,
1653048000,5884,false,Antipatience,
1653048000,6678,false,unique_2,
1653566400,5877,false,Zaspar,
1653566400,36935,false,APthree,
1653739200,32802,false,APthree,
1653825600,5112,true,Franqly,141
1653825600,6076,false,Forneaux,
1653998400,8051,false,kungfuwerewolf,
1654171200,5809,false,Zaspar,
1654171200,6008,false,Forneaux,
1654171200,7024,false,Flaggi793,
1654257600,5556,false,Zaspar,
1654430400,8030,false,kungfuwerewolf,
1654516800,5929,false,Forneaux,
1654603200,5468,false,typical_guy,
1654776000,6759,false,Flaggi793,
1655380800,5876,false,Forneaux,
1655467200,5477,false,Zaspar,
1655812800,5385,false,Ximoltus,
1655812800,10399,false,Arachros,
1656244800,5312,false,Ximoltus,
1656417600,5296,false,Ximoltus,
1656590400,5821,false,Antipatience,
1656763200,16832,false,sam_m,
1656849600,15535,false,sam_m,
1656936000,5450,false,Zaspar,
1657195200,5797,false,Forneaux,
1657195200,20337,false,Smeric,
1657368000,5756,false,Antipatience,
1657454400,6404,false,JeHor,
1657454400,6673,false,ardoRic,
1657454400,14335,false,Turgor,
1657540800,6189,false,JeHor,
1657972800,6576,false,ardoRic,
1658059200,6166,false,JeHor,
1658404800,5747,false,Antipatience,
1658404800,6526,false,ardoRic,
1658404800,6619,false,Cyclomactic,
1658404800,12724,false,tom_cologne,
1658577600,5333,false,Zaspar,
1658664000,6438,false,ardoRic,
1658923200,10066,false,mysticamber,
1659182400,5739,false,Antipatience,
1659182400,6246,false,ardoRic,
1659182400,15153,false,sam_m,
1659355200,5621,false,Antipatience,
1659614400,5575,false,Antipatience,
1659614400,6560,false,Cyclomactic,
1659787200,5508,false,Antipatience,
1660219200,5481,false,Antipatience,
1660305600,5256,false,Ximoltus,
1660305600,9063,false,RAZZLINGTON,
1660392000,5452,false,Antipatience,
1660392000,8040,false,RAZZLINGTON,
1660392000,8750,false,RAZZLINGTON,
1660392000,8918,false,RAZZLINGTON,
1660478400,7553,false,RAZZLINGTON,
1660564800,7509,false,RAZZLINGTON,
1660737600,7142,false,RAZZLINGTON,
1660824000,5201,false,Ximoltus,
1660824000,5422,false,Antipatience,
1660910400,5411,false,Antipatience,
1661083200,6963,false,RAZZLINGTON,
1661083200,7040,false,RAZZLINGTON,
1661169600,6462,false,RAZZLINGTON,
1661256000,5347,false,Antipatience,
1661428800,6145,false,JeHor,
1661515200,6255,false,RAZZLINGTON,
1661601600,5857,false,Mazmot,
1661688000,5549,false,Mazmot,
1661947200,6479,false,Cyclomactic,
1662033600,5274,false,Antipatience,
1662292800,6076,false,RAZZLINGTON,
1662811200,5967,false,RAZZLINGTON,
1663070400,5257,false,Antipatience,
1663070400,5458,false,Mazmot,
1663502400,5185,false,Antipatience,
1663502400,5197,false,Antipatience,
1663502400,5323,false,Mazmot,
1664020800,10002,false,Frabj,
1664107200,6594,false,ness056,
1664107200,9296,false,Frabj,
1665144000,5301,false,Zaspar,
1665748800,5121,false,Antipatience,
1665748800,5123,false,Antipatience,
1666008000,5108,true,Antipatience,10
1666353600,5266,false,Mazmot,
1666785600,21203,false,montesinnos,
1666872000,5094,true,Antipatience,15
1666958400,18539,false,montesinnos,
1667044800,16665,false,montesinnos,
1667131200,11947,false,pantabo,
1667304000,10653,false,pantabo,
1667390400,9880,false,pantabo,
1667390400,10566,false,pantabo,
1667563200,14068,false,montesinnos,
1667649600,9201,false,Garneek,
1667736000,11664,false,iron0308,
1667736000,13084,false,montesinnos,
1667822400,5193,false,Mazmot,
1667822400,10732,false,iron0308,
1667908800,8775,false,Garneek,
1667908800,10507,false,iron0308,
1667995200,10102,false,iron0308,
1668081600,10017,false,iron0308,
1668168000,5085,true,Antipatience,13
1668254400,9476,false,iron0308,
1668340800,10413,false,dragster,
1668686400,9089,false,iron0308,
1668686400,11847,false,LunaEpicuria,
1668772800,9069,false,iron0308,
1668859200,23390,false,Jkaps9,
1668945600,9056,false,iron0308,
1669032000,8750,false,iron0308,
1669204800,8436,false,Garneek,
1669291200,5070,true,Antipatience,14
1669464000,8699,false,iron0308,
1669550400,8559,false,iron0308,
1669896000,5287,false,Zaspar,
1670068800,10282,false,fraggington,
1670068800,11293,false,Penguin07,
1670155200,8420,false,iron0308,
1670155200,8478,false,iron0308,
1670500800,5027,true,Antipatience,51
1670673600,14742,false,TreeToucher,
1670760000,14171,false,TreeToucher,
1671278400,8401,false,iron0308,
1671796800,8336,false,iron0308,
1671969600,7999,false,iron0308,
1672142400,7810,false,iron0308,
1672142400,7905,false,iron0308,
1672228800,7726,false,iron0308,
1672401600,8905,false,Frabj,
1672488000,7635,false,iron0308,
1672920000,10129,false,Penguin07,
1673006400,8619,false,Frabj,
1673006400,13324,false,discobeez,
1673092800,7580,false,iron0308,
1673179200,7406,false,iron0308,
1673179200,8490,false,Frabj,
1673697600,12560,false,discobeez,
1674475200,5669,false,RAZZLINGTON,
1674561600,8475,false,Frabj,
1674734400,8011,false,Frabj,
1674907200,5007,true,Antipatience,9
1674993600,16223,false,Gravillon,
1675080000,15099,false,Jo5i,
1675684800,4996,true,Antipatience,4
1675771200,7526,false,Frabj,
1676030400,4979,true,Antipatience,177.02256944444446
1676462400,7491,false,Frabj,
1676462400,8854,false,pantabo,
1676462400,9811,false,Penguin07,
1676721600,7424,false,Frabj,
1677153600,7315,false,Frabj,
1677153600,8380,false,pantabo,
1678017600,7274,false,Frabj,
1678276800,7196,false,Frabj,
1678363200,9217,false,Twochan,
1678795200,7036,false,Frabj,
1679659200,10702,false,veneye,
1680523200,8046,false,pantabo,
1681041600,6913,false,Frabj,
1681387200,9181,false,veneye,
1681473600,8846,false,veneye,
1681646400,11198,false,NavyBlueSpeed,
1682164800,14703,false,Squishychew,
1682337600,13784,false,Squishychew,
1683288000,8938,false,ACLegend,
1684065600,8407,false,ACLegend,
1684238400,8096,false,ACLegend,
1684324800,5122,false,Mazmot,
1684670400,5092,false,Mazmot,
1685275200,10398,false,NavyBlueSpeed,
1685793600,11629,false,Xoriun,
1686312000,14208,false,matrixsenpai,
1686484800,7909,false,ACLegend,
1687521600,7739,false,ACLegend,
1687867200,7549,false,ACLegend,
1688212800,8721,false,ChakibONeal,
1688731200,5907,false,P1tta,
1688990400,5823,false,P1tta,
1689336000,5770,false,P1tta,
1689864789,5708,false,P1tta,
1690157663,5508,false,RAZZLINGTON,
1690218340,5240,false,RAZZLINGTON,
1690308988,5624,false,P1tta,
1691325150,4916,true,Mazmot,99.15588971064815
1691510362,19435,false,PatrickIsntGinger,
1694210400,24057,false,kjstreamingchannel,
1694901052,12558,false,XavierRM,
1694901600,20775,false,kjstreamingchannel,
1695594288,6086,false,JeHor,
1696140000,29320,false,sslees,
1696560237,6061,false,JeHor,
1696744800,23728,false,sslees,
1696894634,5997,false,JeHor,
1697545811,19638,false,kjstreamingchannel,
1698081856,5940,false,JeHor,
1698460784,5880,false,JeHor,
1699068078,5871,false,JeHor,
1699191893,5855,false,JeHor,
1699777440,8595,false,Guuna,